zip_code,city,state,Longitude,Latitude
89406,Fallon,NV,39.4703,-118.7861
89407,Fallon,NV,39.4735,-118.7774
89496,Fallon,NV,39.4735,-118.7774
88901,The Lakes,NV,36.3225,-114.8197
88905,The Lakes,NV,35.9279,-114.9721
89002,Henderson,NV,36.0008,-114.9588
89004,Blue Diamond,NV,36.0464,-115.4039
89005,Boulder City,NV,35.9727,-114.8344
89006,Boulder City,NV,35.9279,-114.9721
89007,Bunkerville,NV,36.7684,-114.1281
89009,Henderson,NV,35.9279,-114.9721
89011,Henderson,NV,36.1065,-114.9192
89012,Henderson,NV,36.0119,-115.0433
89014,Henderson,NV,36.0564,-115.078
89015,Henderson,NV,36.0357,-114.9718
89016,Henderson,NV,35.9279,-114.9721
89018,Indian Springs,NV,36.5697,-115.6706
89019,Jean,NV,35.7368,-115.5405
89021,Logandale,NV,36.5935,-114.4683
89024,Mesquite,NV,36.8101,-114.0722
89025,Moapa,NV,36.6916,-114.6514
89026,Jean,NV,35.7789,-115.3239
89027,Mesquite,NV,36.8113,-114.1235
89028,Laughlin,NV,35.1604,-114.7464
89029,Laughlin,NV,35.1321,-114.6368
89030,North Las Vegas,NV,36.2115,-115.1241
89031,North Las Vegas,NV,36.2589,-115.1718
89032,North Las Vegas,NV,36.218,-115.1709
89033,North Las Vegas,NV,36.2845,-115.1345
89034,Mesquite,NV,36.809,-114.0591
89036,North Las Vegas,NV,36.1989,-115.1175
89037,Coyote Springs,NV,36.1579,-114.934
89039,Cal Nev Ari,NV,35.2522,-114.8714
89040,Overton,NV,36.5703,-114.4732
89046,Searchlight,NV,35.5132,-114.8866
89052,Henderson,NV,35.9878,-115.1167
89053,Henderson,NV,35.9279,-114.9721
89054,Sloan,NV,35.935,-115.2058
89067,Moapa,NV,36.6591,-114.6656
89070,Indian Springs,NV,36.5697,-115.6706
89074,Henderson,NV,36.0384,-115.0857
89077,Henderson,NV,36.0397,-114.9819
89081,North Las Vegas,NV,36.2583,-115.1068
89084,North Las Vegas,NV,36.2815,-115.1482
89085,North Las Vegas,NV,36.3097,-115.1981
89086,North Las Vegas,NV,36.2809,-115.1349
89087,North Las Vegas,NV,36.2204,-115.1458
89101,Las Vegas,NV,36.1721,-115.1224
89102,Las Vegas,NV,36.1433,-115.2004
89103,Las Vegas,NV,36.1149,-115.2161
89104,Las Vegas,NV,36.152,-115.1092
89105,Las Vegas,NV,36.086,-115.1471
89106,Las Vegas,NV,36.1847,-115.1617
89107,Las Vegas,NV,36.1705,-115.2176
89108,Las Vegas,NV,36.2044,-115.2233
89109,Las Vegas,NV,36.126,-115.1454
89110,Las Vegas,NV,36.173,-115.0669
89111,Las Vegas,NV,36.175,-115.1372
89112,Las Vegas,NV,36.1578,-115.0256
89113,Las Vegas,NV,36.0854,-115.2566
89114,Las Vegas,NV,36.0113,-115.1015
89115,Las Vegas,NV,36.2158,-115.0671
89116,Las Vegas,NV,36.175,-115.1372
89117,Las Vegas,NV,36.1302,-115.2755
89118,Las Vegas,NV,36.0811,-115.2169
89119,Las Vegas,NV,36.1008,-115.1365
89120,Las Vegas,NV,36.0914,-115.0885
89121,Las Vegas,NV,36.1232,-115.0902
89122,Las Vegas,NV,36.1205,-115.0523
89123,Las Vegas,NV,36.0383,-115.1462
89124,Las Vegas,NV,36.4257,-115.4809
89125,Las Vegas,NV,36.2235,-115.2655
89126,Las Vegas,NV,36.175,-115.1372
89127,Las Vegas,NV,36.175,-115.1372
89128,Las Vegas,NV,36.1968,-115.2644
89129,Las Vegas,NV,36.245,-115.2743
89130,Las Vegas,NV,36.2471,-115.221
89131,Las Vegas,NV,36.2956,-115.2419
89132,Las Vegas,NV,36.019,-115.1519
89133,Las Vegas,NV,36.175,-115.1372
89134,Las Vegas,NV,36.2092,-115.2941
89135,Las Vegas,NV,36.1378,-115.3261
89136,Las Vegas,NV,36.1753,-115.1364
89137,Las Vegas,NV,36.175,-115.1372
89138,Las Vegas,NV,36.1666,-115.3613
89139,Las Vegas,NV,36.0129,-115.2118
89140,Las Vegas,NV,36.086,-115.1471
89141,Las Vegas,NV,36.0104,-115.2073
89142,Las Vegas,NV,36.148,-115.0404
89143,Las Vegas,NV,36.3223,-115.2932
89144,Las Vegas,NV,36.1781,-115.3183
89145,Las Vegas,NV,36.1693,-115.2828
89146,Las Vegas,NV,36.1424,-115.2242
89147,Las Vegas,NV,36.1128,-115.2801
89148,Las Vegas,NV,36.0588,-115.3104
89149,Las Vegas,NV,36.2765,-115.2885
89150,Las Vegas,NV,36.175,-115.1372
89151,Las Vegas,NV,36.175,-115.1372
89152,Las Vegas,NV,36.175,-115.1372
89153,Las Vegas,NV,36.175,-115.1372
89154,Las Vegas,NV,36.175,-115.1372
89155,Las Vegas,NV,36.175,-115.1372
89156,Las Vegas,NV,36.2034,-115.0364
89157,Las Vegas,NV,36.175,-115.1372
89158,Las Vegas,NV,36.175,-115.1372
89159,Las Vegas,NV,36.175,-115.1372
89160,Las Vegas,NV,36.175,-115.1372
89161,Las Vegas,NV,36.0004,-115.3639
89162,Las Vegas,NV,36.1725,-115.1414
89163,The Lakes,NV,36.175,-115.1372
89164,Las Vegas,NV,36.175,-115.1372
89165,Las Vegas,NV,36.3302,-115.3257
89166,Las Vegas,NV,36.3265,-115.3398
89169,Las Vegas,NV,36.1234,-115.1429
89170,Las Vegas,NV,36.175,-115.1372
89173,Las Vegas,NV,36.175,-115.1372
89177,Las Vegas,NV,36.175,-115.1372
89178,Las Vegas,NV,35.9977,-115.2861
89179,Las Vegas,NV,36.2542,-115.5269
89180,Las Vegas,NV,36.175,-115.1372
89183,Las Vegas,NV,35.9959,-115.1576
89185,Las Vegas,NV,36.175,-115.1372
89191,Nellis Afb,NV,36.2395,-115.0257
89193,Las Vegas,NV,36.175,-115.1372
89195,Las Vegas,NV,36.175,-115.1372
89199,Las Vegas,NV,36.175,-115.1372
89410,Gardnerville,NV,38.8703,-119.6115
89411,Genoa,NV,39.0341,-119.8228
89413,Glenbrook,NV,39.0509,-119.9428
89423,Minden,NV,39.0218,-119.7314
89448,Zephyr Cove,NV,39.0204,-119.9114
89449,Stateline,NV,38.9643,-119.9068
89460,Gardnerville,NV,38.9166,-119.7272
89705,Carson City,NV,39.0554,-119.8059
89801,Elko,NV,40.9056,-115.5344
89802,Elko,NV,40.8324,-115.7631
89803,Elko,NV,40.8324,-115.7631
89815,Spring Creek,NV,40.7519,-115.5956
89822,Carlin,NV,40.7172,-116.1082
89823,Deeth,NV,41.0655,-115.2748
89825,Jackpot,NV,41.8882,-114.7233
89826,Jarbidge,NV,41.8873,-115.3813
89828,Lamoille,NV,40.7505,-115.3631
89830,Montello,NV,41.2613,-114.1942
89831,Mountain City,NV,41.8385,-115.9654
89832,Owyhee,NV,41.9477,-116.0987
89833,Ruby Valley,NV,40.3995,-115.2312
89834,Tuscarora,NV,41.3141,-116.2218
89835,Wells,NV,41.1116,-114.9645
89883,West Wendover,NV,40.7391,-114.0733
89010,Dyer,NV,37.7776,-118.084
89013,Goldfield,NV,37.8344,-117.2694
89047,Silverpeak,NV,37.7225,-117.7965
89316,Eureka,NV,39.5897,-115.9943
89821,Crescent Valley,NV,40.4138,-116.5813
89404,Denio,NV,41.9899,-118.6343
89414,Golconda,NV,40.9683,-117.3349
89421,Mc Dermitt,NV,41.9708,-117.6737
89425,Orovada,NV,41.6654,-117.9083
89426,Paradise Valley,NV,41.5057,-117.5728
89438,Valmy,NV,40.7927,-117.1268
89445,Winnemucca,NV,40.9664,-117.7467
89446,Winnemucca,NV,41.0764,-117.7602
89310,Austin,NV,39.508,-117.0811
89820,Battle Mountain,NV,40.622,-116.9554
89001,Alamo,NV,37.3259,-115.308
89008,Caliente,NV,37.6128,-114.5097
89017,Hiko,NV,37.5926,-115.2262
89042,Panaca,NV,37.7905,-114.3894
89043,Pioche,NV,37.8981,-114.3968
89044,Henderson,NV,35.9025,-115.1789
89403,Dayton,NV,39.2806,-119.5287
89408,Fernley,NV,39.6019,-119.235
89428,Silver City,NV,39.2652,-119.6388
89429,Silver Springs,NV,39.38,-119.2705
89430,Smith,NV,38.7733,-119.3029
89444,Wellington,NV,38.8447,-119.3523
89447,Yerington,NV,38.9866,-119.1596
89415,Hawthorne,NV,38.5347,-118.6411
89420,Luning,NV,38.5063,-118.1815
89422,Mina,NV,38.387,-118.1096
89427,Schurz,NV,38.9575,-118.7756
89003,Beatty,NV,36.8199,-116.6094
89020,Amargosa Valley,NV,36.539,-116.5496
89022,Manhattan,NV,38.5388,-117.0734
89023,Mercury,NV,36.6605,-115.9945
89041,Pahrump,NV,36.2083,-115.9839
89045,Round Mountain,NV,38.711,-117.0676
89048,Pahrump,NV,36.1661,-116.0038
89049,Tonopah,NV,38.2626,-116.6248
89060,Pahrump,NV,36.2645,-116.0393
89061,Pahrump,NV,36.1184,-115.9407
89409,Gabbs,NV,38.8688,-117.9221
89418,Imlay,NV,40.5484,-118.0344
89419,Lovelock,NV,40.1819,-118.4689
89440,Virginia City,NV,39.2965,-119.6587
89402,Crystal Bay,NV,39.226,-120.0041
89405,Empire,NV,40.6132,-119.3485
89412,Gerlach,NV,40.6525,-119.3565
89424,Nixon,NV,39.8272,-119.3605
89431,Sparks,NV,39.5473,-119.7556
89432,Sparks,NV,39.5349,-119.7527
89433,Sun Valley,NV,39.5955,-119.7754
89434,Sparks,NV,39.5502,-119.7178
89435,Sparks,NV,39.5349,-119.7527
89436,Sparks,NV,39.6269,-119.7081
89439,Verdi,NV,39.5165,-119.9833
89441,Sparks,NV,39.6582,-119.6954
89442,Wadsworth,NV,39.6481,-119.2918
89450,Incline Village,NV,39.2564,-119.9464
89451,Incline Village,NV,39.2564,-119.9521
89452,Incline Village,NV,39.2591,-119.9566
89501,Reno,NV,39.5268,-119.8113
89502,Reno,NV,39.4972,-119.7764
89503,Reno,NV,39.5354,-119.8374
89504,Reno,NV,39.5296,-119.8138
89505,Reno,NV,39.5224,-119.8353
89506,Reno,NV,39.6412,-119.8735
89507,Reno,NV,39.5423,-119.8164
89508,Reno,NV,39.6781,-119.9383
89509,Reno,NV,39.498,-119.8239
89510,Reno,NV,39.7699,-119.6027
89511,Reno,NV,39.4151,-119.7668
89512,Reno,NV,39.5483,-119.7957
89513,Reno,NV,39.53,-119.81
89515,Reno,NV,39.5296,-119.8138
89519,Reno,NV,39.4814,-119.8591
89520,Reno,NV,39.5296,-119.8138
89521,Reno,NV,39.3809,-119.6859
89523,Reno,NV,39.5249,-119.9031
89533,Reno,NV,39.5439,-119.9061
89555,Reno,NV,39.5246,-119.8125
89557,Reno,NV,39.5296,-119.8138
89570,Reno,NV,39.5296,-119.8138
89595,Reno,NV,39.5296,-119.8138
89599,Reno,NV,39.5296,-119.8138
89704,Washoe Valley,NV,39.2669,-119.8174
89301,Ely,NV,39.2474,-114.8886
89311,Baker,NV,38.9559,-114.2438
89314,Duckwater,NV,38.9324,-115.7145
89315,Ely,NV,39.3326,-114.8245
89317,Lund,NV,38.8641,-115.0069
89318,Mc Gill,NV,39.4034,-114.7791
89319,Ruth,NV,39.2783,-114.9892
89701,Carson City,NV,39.1507,-119.7459
89702,Carson City,NV,39.1355,-119.7588
89703,Carson City,NV,39.1704,-119.7782
89706,Carson City,NV,39.2025,-119.7526
89711,Carson City,NV,39.1678,-119.7764
89712,Carson City,NV,39.1678,-119.7764
89713,Carson City,NV,39.1678,-119.7764
89714,Carson City,NV,39.1678,-119.7764
89721,Carson City,NV,39.1678,-119.7764